id,customer_id,total,note,receipt
1,2,12.5,NULL,<blob 1 bytes>
2,3,25.0,NULL,<blob 2 bytes>
3,4,37.5,NULL,<blob 3 bytes>
4,5,50.0,note 4,<blob 4 bytes>
5,1,62.5,NULL,<blob 5 bytes>
6,2,75.0,NULL,<blob 6 bytes>
7,3,87.5,NULL,<blob 0 bytes>
8,4,100.0,note 8,<blob 1 bytes>
9,5,112.5,NULL,<blob 2 bytes>
10,1,125.0,NULL,<blob 3 bytes>
11,2,0.0,NULL,<blob 4 bytes>
12,3,12.5,note 12,<blob 5 bytes>
13,4,25.0,NULL,<blob 6 bytes>
14,5,37.5,NULL,<blob 0 bytes>
15,1,50.0,NULL,<blob 1 bytes>
16,2,62.5,note 16,<blob 2 bytes>
17,3,75.0,NULL,<blob 3 bytes>
18,4,87.5,NULL,<blob 4 bytes>
19,5,100.0,NULL,<blob 5 bytes>
20,1,112.5,note 20,<blob 6 bytes>
21,2,125.0,NULL,<blob 0 bytes>
22,3,0.0,NULL,<blob 1 bytes>
23,4,12.5,NULL,<blob 2 bytes>
24,5,25.0,note 24,<blob 3 bytes>
25,1,37.5,NULL,<blob 4 bytes>
26,2,50.0,NULL,<blob 5 bytes>
27,3,62.5,NULL,<blob 6 bytes>
28,4,75.0,note 28,<blob 0 bytes>
29,5,87.5,NULL,<blob 1 bytes>
30,1,100.0,NULL,<blob 2 bytes>
31,2,112.5,NULL,<blob 3 bytes>
32,3,125.0,note 32,<blob 4 bytes>
33,4,0.0,NULL,<blob 5 bytes>
34,5,12.5,NULL,<blob 6 bytes>
35,1,25.0,NULL,<blob 0 bytes>
36,2,37.5,note 36,<blob 1 bytes>
37,3,50.0,NULL,<blob 2 bytes>
38,4,62.5,NULL,<blob 3 bytes>
39,5,75.0,NULL,<blob 4 bytes>
40,1,87.5,note 40,<blob 5 bytes>
41,2,100.0,NULL,<blob 6 bytes>
42,3,112.5,NULL,<blob 0 bytes>
43,4,125.0,NULL,<blob 1 bytes>
44,5,0.0,note 44,<blob 2 bytes>
45,1,12.5,NULL,<blob 3 bytes>
46,2,25.0,NULL,<blob 4 bytes>
47,3,37.5,NULL,<blob 5 bytes>
48,4,50.0,note 48,<blob 6 bytes>
49,5,62.5,NULL,<blob 0 bytes>
50,1,75.0,NULL,<blob 1 bytes>
51,2,87.5,NULL,<blob 2 bytes>
52,3,100.0,note 52,<blob 3 bytes>
53,4,112.5,NULL,<blob 4 bytes>
54,5,125.0,NULL,<blob 5 bytes>
55,1,0.0,NULL,<blob 6 bytes>
56,2,12.5,note 56,<blob 0 bytes>
57,3,25.0,NULL,<blob 1 bytes>
58,4,37.5,NULL,<blob 2 bytes>
59,5,50.0,NULL,<blob 3 bytes>
60,1,62.5,note 60,<blob 4 bytes>
61,2,75.0,NULL,<blob 5 bytes>
62,3,87.5,NULL,<blob 6 bytes>
63,4,100.0,NULL,<blob 0 bytes>
64,5,112.5,note 64,<blob 1 bytes>
65,1,125.0,NULL,<blob 2 bytes>
66,2,0.0,NULL,<blob 3 bytes>
67,3,12.5,NULL,<blob 4 bytes>
68,4,25.0,note 68,<blob 5 bytes>
69,5,37.5,NULL,<blob 6 bytes>
70,1,50.0,NULL,<blob 0 bytes>
71,2,62.5,NULL,<blob 1 bytes>
72,3,75.0,note 72,<blob 2 bytes>
73,4,87.5,NULL,<blob 3 bytes>
74,5,100.0,NULL,<blob 4 bytes>
75,1,112.5,NULL,<blob 5 bytes>
76,2,125.0,note 76,<blob 6 bytes>
77,3,0.0,NULL,<blob 0 bytes>
78,4,12.5,NULL,<blob 1 bytes>
79,5,25.0,NULL,<blob 2 bytes>
80,1,37.5,note 80,<blob 3 bytes>
81,2,50.0,NULL,<blob 4 bytes>
82,3,62.5,NULL,<blob 5 bytes>
83,4,75.0,NULL,<blob 6 bytes>
84,5,87.5,note 84,<blob 0 bytes>
85,1,100.0,NULL,<blob 1 bytes>
86,2,112.5,NULL,<blob 2 bytes>
87,3,125.0,NULL,<blob 3 bytes>
88,4,0.0,note 88,<blob 4 bytes>
89,5,12.5,NULL,<blob 5 bytes>
90,1,25.0,NULL,<blob 6 bytes>
91,2,37.5,NULL,<blob 0 bytes>
92,3,50.0,note 92,<blob 1 bytes>
93,4,62.5,NULL,<blob 2 bytes>
94,5,75.0,NULL,<blob 3 bytes>
95,1,87.5,NULL,<blob 4 bytes>
96,2,100.0,note 96,<blob 5 bytes>
97,3,112.5,NULL,<blob 6 bytes>
98,4,125.0,NULL,<blob 0 bytes>
99,5,0.0,NULL,<blob 1 bytes>
100,1,12.5,note 100,<blob 2 bytes>
111,2,12.5,NULL,<blob 6 bytes>
112,3,25.0,note 112,<blob 0 bytes>
113,4,37.5,NULL,<blob 1 bytes>
114,5,50.0,NULL,<blob 2 bytes>
115,1,62.5,NULL,<blob 3 bytes>
116,2,75.0,note 116,<blob 4 bytes>
117,3,87.5,NULL,<blob 5 bytes>
118,4,100.0,NULL,<blob 6 bytes>
119,5,112.5,NULL,<blob 0 bytes>
120,1,125.0,note 120,<blob 1 bytes>
121,2,0.0,NULL,<blob 2 bytes>
122,3,12.5,NULL,<blob 3 bytes>
123,4,25.0,NULL,<blob 4 bytes>
124,5,37.5,note 124,<blob 5 bytes>
125,1,50.0,NULL,<blob 6 bytes>
126,2,62.5,NULL,<blob 0 bytes>
127,3,75.0,NULL,<blob 1 bytes>
128,4,87.5,note 128,<blob 2 bytes>
129,5,100.0,NULL,<blob 3 bytes>
130,1,112.5,NULL,<blob 4 bytes>
