row,city,item,qty
1,Oslo,clamps,37
2,Quito,gaskets,74
3,Nairobi,springs,111
4,Hanoi,rivets,148
5,Perth,brackets,185
6,Tromso,hinges,222
7,Cusco,washers,259
8,Accra,bolts,296
9,Riga,clamps,333
10,Lisbon,gaskets,370
11,Oslo,springs,407
12,Quito,rivets,444
13,Nairobi,brackets,481
14,Hanoi,hinges,18
15,Perth,washers,55
16,Tromso,bolts,92
17,Cusco,clamps,129
18,Accra,gaskets,166
19,Riga,springs,203
20,Lisbon,rivets,240
21,Oslo,brackets,277
22,Quito,hinges,314
23,Nairobi,washers,351
24,Hanoi,bolts,388
25,Perth,clamps,425
26,Tromso,gaskets,462
27,Cusco,springs,499
28,Accra,rivets,36
29,Riga,brackets,73
30,Lisbon,hinges,110
31,Oslo,washers,147
32,Quito,bolts,184
33,Nairobi,clamps,221
34,Hanoi,gaskets,258
35,Perth,springs,295
36,Tromso,rivets,332
37,Cusco,brackets,369
38,Accra,hinges,406
39,Riga,washers,443
40,Lisbon,bolts,480
41,Oslo,clamps,17
42,Quito,gaskets,54
43,Nairobi,springs,91
44,Hanoi,rivets,128
45,Perth,brackets,165
46,Tromso,hinges,202
47,Cusco,washers,239
48,Accra,bolts,276
49,Riga,clamps,313
50,Lisbon,gaskets,350
51,Oslo,springs,387
52,Quito,rivets,424
53,Nairobi,brackets,461
54,Hanoi,hinges,498
55,Perth,washers,35
56,Tromso,bolts,72
57,Cusco,clamps,109
58,Accra,gaskets,146
59,Riga,springs,183
60,Lisbon,rivets,220
61,Oslo,brackets,257
62,Quito,hinges,294
63,Nairobi,washers,331
64,Hanoi,bolts,368
65,Perth,clamps,405
66,Tromso,gaskets,442
67,Cusco,springs,479
68,Accra,rivets,16
69,Riga,brackets,53
70,Lisbon,hinges,90
71,Oslo,washers,127
72,Quito,bolts,164
73,Nairobi,clamps,201
74,Hanoi,gaskets,238
75,Perth,springs,275
76,Tromso,rivets,312
77,Cusco,brackets,349
78,Accra,hinges,386
79,Riga,washers,423
80,Lisbon,bolts,460
81,Oslo,clamps,497
82,Quito,gaskets,34
83,Nairobi,springs,71
84,Hanoi,rivets,108
85,Perth,brackets,145
86,Tromso,hinges,182
87,Cusco,washers,219
88,Accra,bolts,256
89,Riga,clamps,293
90,Lisbon,gaskets,330
91,Oslo,springs,367
92,Quito,rivets,404
93,Nairobi,brackets,441
94,Hanoi,hinges,478
95,Perth,washers,15
96,Tromso,bolts,52
97,Cusco,clamps,89
98,Accra,gaskets,126
99,Riga,springs,163
100,Lisbon,rivets,200
101,Oslo,brackets,237
102,Quito,hinges,274
103,Nairobi,washers,311
104,Hanoi,bolts,348
105,Perth,clamps,385
106,Tromso,gaskets,422
107,Cusco,springs,459
108,Accra,rivets,496
109,Riga,brackets,33
110,Lisbon,hinges,70
111,Oslo,washers,107
112,Quito,bolts,144
113,Nairobi,clamps,181
114,Hanoi,gaskets,218
115,Perth,springs,255
116,Tromso,rivets,292
117,Cusco,brackets,329
118,Accra,hinges,366
119,Riga,washers,403
120,Lisbon,bolts,440
121,Oslo,clamps,477
122,Quito,gaskets,14
123,Nairobi,springs,51
124,Hanoi,rivets,88
125,Perth,brackets,125
126,Tromso,hinges,162
127,Cusco,washers,199
128,Accra,bolts,236
129,Riga,clamps,273
130,Lisbon,gaskets,310
131,Oslo,springs,347
132,Quito,rivets,384
133,Nairobi,brackets,421
134,Hanoi,hinges,458
135,Perth,washers,495
136,Tromso,bolts,32
137,Cusco,clamps,69
138,Accra,gaskets,106
139,Riga,springs,143
140,Lisbon,rivets,180
141,Oslo,brackets,217
142,Quito,hinges,254
143,Nairobi,washers,291
144,Hanoi,bolts,328
145,Perth,clamps,365
146,Tromso,gaskets,402
147,Cusco,springs,439
148,Accra,rivets,476
149,Riga,brackets,13
150,Lisbon,hinges,50
151,Oslo,washers,87
152,Quito,bolts,124
153,Nairobi,clamps,161
154,Hanoi,gaskets,198
155,Perth,springs,235
156,Tromso,rivets,272
157,Cusco,brackets,309
158,Accra,hinges,346
159,Riga,washers,383
160,Lisbon,bolts,420
161,Oslo,clamps,457
162,Quito,gaskets,494
163,Nairobi,springs,31
164,Hanoi,rivets,68
165,Perth,brackets,105
166,Tromso,hinges,142
167,Cusco,washers,179
168,Accra,bolts,216
169,Riga,clamps,253
170,Lisbon,gaskets,290
171,Oslo,springs,327
172,Quito,rivets,364
173,Nairobi,brackets,401
174,Hanoi,hinges,438
175,Perth,washers,475
176,Tromso,bolts,12
177,Cusco,clamps,49
178,Accra,gaskets,86
179,Riga,springs,123
180,Lisbon,rivets,160
181,Oslo,brackets,197
182,Quito,hinges,234
183,Nairobi,washers,271
184,Hanoi,bolts,308
185,Perth,clamps,345
186,Tromso,gaskets,382
187,Cusco,springs,419
188,Accra,rivets,456
189,Riga,brackets,493
190,Lisbon,hinges,30
191,Oslo,washers,67
192,Quito,bolts,104
193,Nairobi,clamps,141
194,Hanoi,gaskets,178
195,Perth,springs,215
196,Tromso,rivets,252
197,Cusco,brackets,289
198,Accra,hinges,326
199,Riga,washers,363
200,Lisbon,bolts,400
201,Oslo,clamps,437
202,Quito,gaskets,474
203,Nairobi,springs,11
204,Hanoi,rivets,48
205,Perth,brackets,85
206,Tromso,hinges,122
207,Cusco,washers,159
208,Accra,bolts,196
209,Riga,clamps,233
210,Lisbon,gaskets,270
211,Oslo,springs,307
212,Quito,rivets,344
213,Nairobi,brackets,381
214,Hanoi,hinges,418
215,Perth,washers,455
216,Tromso,bolts,492
217,Cusco,clamps,29
218,Accra,gaskets,66
219,Riga,springs,103
220,Lisbon,rivets,140
221,Oslo,brackets,177
222,Quito,hinges,214
223,Nairobi,washers,251
224,Hanoi,bolts,288
225,Perth,clamps,325
226,Tromso,gaskets,362
227,Cusco,springs,399
228,Accra,rivets,436
229,Riga,brackets,473
230,Lisbon,hinges,10
231,Oslo,washers,47
232,Quito,bolts,84
233,Nairobi,clamps,121
234,Hanoi,gaskets,158
235,Perth,springs,195
236,Tromso,rivets,232
237,Cusco,brackets,269
238,Accra,hinges,306
239,Riga,washers,343
240,Lisbon,bolts,380
241,Oslo,clamps,417
242,Quito,gaskets,454
243,Nairobi,springs,491
244,Hanoi,rivets,28
245,Perth,brackets,65
246,Tromso,hinges,102
247,Cusco,washers,139
248,Accra,bolts,176
249,Riga,clamps,213
250,Lisbon,gaskets,250
251,Oslo,springs,287
252,Quito,rivets,324
253,Nairobi,brackets,361
254,Hanoi,hinges,398
255,Perth,washers,435
256,Tromso,bolts,472
257,Cusco,clamps,9
258,Accra,gaskets,46
259,Riga,springs,83
260,Lisbon,rivets,120
261,Oslo,brackets,157
262,Quito,hinges,194
263,Nairobi,washers,231
264,Hanoi,bolts,268
265,Perth,clamps,305
266,Tromso,gaskets,342
267,Cusco,springs,379
268,Accra,rivets,416
269,Riga,brackets,453
270,Lisbon,hinges,490
271,Oslo,washers,27
272,Quito,bolts,64
273,Nairobi,clamps,101
274,Hanoi,gaskets,138
275,Perth,springs,175
276,Tromso,rivets,212
277,Cusco,brackets,249
278,Accra,hinges,286
279,Riga,washers,323
280,Lisbon,bolts,360
281,Oslo,clamps,397
282,Quito,gaskets,434
283,Nairobi,springs,471
284,Hanoi,rivets,8
285,Perth,brackets,45
286,Tromso,hinges,82
287,Cusco,washers,119
288,Accra,bolts,156
289,Riga,clamps,193
290,Lisbon,gaskets,230
291,Oslo,springs,267
292,Quito,rivets,304
293,Nairobi,brackets,341
294,Hanoi,hinges,378
295,Perth,washers,415
296,Tromso,bolts,452
297,Cusco,clamps,489
298,Accra,gaskets,26
299,Riga,springs,63
300,Lisbon,rivets,100
301,Oslo,brackets,137
302,Quito,hinges,174
303,Nairobi,washers,211
304,Hanoi,bolts,248
305,Perth,clamps,285
306,Tromso,gaskets,322
307,Cusco,springs,359
308,Accra,rivets,396
309,Riga,brackets,433
310,Lisbon,hinges,470
311,Oslo,washers,7
312,Quito,bolts,44
313,Nairobi,clamps,81
314,Hanoi,gaskets,118
315,Perth,springs,155
316,Tromso,rivets,192
317,Cusco,brackets,229
318,Accra,hinges,266
319,Riga,washers,303
320,Lisbon,bolts,340
321,Oslo,clamps,377
322,Quito,gaskets,414
323,Nairobi,springs,451
324,Hanoi,rivets,488
325,Perth,brackets,25
326,Tromso,hinges,62
327,Cusco,washers,99
328,Accra,bolts,136
329,Riga,clamps,173
330,Lisbon,gaskets,210
331,Oslo,springs,247
332,Quito,rivets,284
333,Nairobi,brackets,321
334,Hanoi,hinges,358
335,Perth,washers,395
336,Tromso,bolts,432
337,Cusco,clamps,469
338,Accra,gaskets,6
339,Riga,springs,43
340,Lisbon,rivets,80
341,Oslo,brackets,117
342,Quito,hinges,154
343,Nairobi,washers,191
344,Hanoi,bolts,228
345,Perth,clamps,265
346,Tromso,gaskets,302
347,Cusco,springs,339
348,Accra,rivets,376
349,Riga,brackets,413
350,Lisbon,hinges,450
351,Oslo,washers,487
352,Quito,bolts,24
353,Nairobi,clamps,61
354,Hanoi,gaskets,98
355,Perth,springs,135
356,Tromso,rivets,172
357,Cusco,brackets,209
358,Accra,hinges,246
359,Riga,washers,283
360,Lisbon,bolts,320
361,Oslo,clamps,357
362,Quito,gaskets,394
363,Nairobi,springs,431
364,Hanoi,rivets,468
365,Perth,brackets,5
366,Tromso,hinges,42
367,Cusco,washers,79
368,Accra,bolts,116
369,Riga,clamps,153
370,Lisbon,gaskets,190
371,Oslo,springs,227
372,Quito,rivets,264
373,Nairobi,brackets,301
374,Hanoi,hinges,338
375,Perth,washers,375
376,Tromso,bolts,412
377,Cusco,clamps,449
378,Accra,gaskets,486
379,Riga,springs,23
380,Lisbon,rivets,60
381,Oslo,brackets,97
382,Quito,hinges,134
383,Nairobi,washers,171
384,Hanoi,bolts,208
385,Perth,clamps,245
386,Tromso,gaskets,282
387,Cusco,springs,319
388,Accra,rivets,356
389,Riga,brackets,393
390,Lisbon,hinges,430
391,Oslo,washers,467
392,Quito,bolts,4
393,Nairobi,clamps,41
394,Hanoi,gaskets,78
395,Perth,springs,115
396,Tromso,rivets,152
397,Cusco,brackets,189
398,Accra,hinges,226
399,Riga,washers,263
400,Lisbon,bolts,300
401,Oslo,clamps,337
402,Quito,gaskets,374
403,Nairobi,springs,411
404,Hanoi,rivets,448
405,Perth,brackets,485
406,Tromso,hinges,22
407,Cusco,washers,59
408,Accra,bolts,96
409,Riga,clamps,133
410,Lisbon,gaskets,170
411,Oslo,springs,207
412,Quito,rivets,244
413,Nairobi,brackets,281
414,Hanoi,hinges,318
415,Perth,washers,355
416,Tromso,bolts,392
417,Cusco,clamps,429
418,Accra,gaskets,466
419,Riga,springs,3
420,Lisbon,rivets,40
421,Oslo,brackets,77
422,Quito,hinges,114
423,Nairobi,washers,151
424,Hanoi,bolts,188
425,Perth,clamps,225
426,Tromso,gaskets,262
427,Cusco,springs,299
428,Accra,rivets,336
429,Riga,brackets,373
430,Lisbon,hinges,410
431,Oslo,washers,447
432,Quito,bolts,484
433,Nairobi,clamps,21
434,Hanoi,gaskets,58
435,Perth,springs,95
436,Tromso,rivets,132
437,Cusco,brackets,169
438,Accra,hinges,206
439,Riga,washers,243
440,Lisbon,bolts,280
441,Oslo,clamps,317
442,Quito,gaskets,354
443,Nairobi,springs,391
444,Hanoi,rivets,428
445,Perth,brackets,465
446,Tromso,hinges,2
447,Cusco,washers,39
448,Accra,bolts,76
449,Riga,clamps,113
450,Lisbon,gaskets,150
451,Oslo,springs,187
452,Quito,rivets,224
453,Nairobi,brackets,261
454,Hanoi,hinges,298
455,Perth,washers,335
456,Tromso,bolts,372
457,Cusco,clamps,409
458,Accra,gaskets,446
459,Riga,springs,483
460,Lisbon,rivets,20
461,Oslo,brackets,57
462,Quito,hinges,94
463,Nairobi,washers,131
464,Hanoi,bolts,168
465,Perth,clamps,205
466,Tromso,gaskets,242
467,Cusco,springs,279
468,Accra,rivets,316
469,Riga,brackets,353
470,Lisbon,hinges,390
471,Oslo,washers,427
472,Quito,bolts,464
473,Nairobi,clamps,1
474,Hanoi,gaskets,38
475,Perth,springs,75
476,Tromso,rivets,112
477,Cusco,brackets,149
478,Accra,hinges,186
479,Riga,washers,223
480,Lisbon,bolts,260
481,Oslo,clamps,297
482,Quito,gaskets,334
483,Nairobi,springs,371
484,Hanoi,rivets,408
485,Perth,brackets,445
486,Tromso,hinges,482
487,Cusco,washers,19
488,Accra,bolts,56
489,Riga,clamps,93
490,Lisbon,gaskets,130
491,Oslo,springs,167
492,Quito,rivets,204
493,Nairobi,brackets,241
494,Hanoi,hinges,278
495,Perth,washers,315
496,Tromso,bolts,352
497,Cusco,clamps,389
498,Accra,gaskets,426
499,Riga,springs,463
500,Lisbon,rivets,0
501,Oslo,brackets,37
502,Quito,hinges,74
503,Nairobi,washers,111
504,Hanoi,bolts,148
505,Perth,clamps,185
506,Tromso,gaskets,222
507,Cusco,springs,259
508,Accra,rivets,296
509,Riga,brackets,333
510,Lisbon,hinges,370
511,Oslo,washers,407
512,Quito,bolts,444
513,Nairobi,clamps,481
514,Hanoi,gaskets,18
515,Perth,springs,55
516,Tromso,rivets,92
517,Cusco,brackets,129
518,Accra,hinges,166
519,Riga,washers,203
520,Lisbon,bolts,240
521,Oslo,clamps,277
522,Quito,gaskets,314
523,Nairobi,springs,351
524,Hanoi,rivets,388
525,Perth,brackets,425
526,Tromso,hinges,462
527,Cusco,washers,499
528,Accra,bolts,36
529,Riga,clamps,73
530,Lisbon,gaskets,110
531,Oslo,springs,147
532,Quito,rivets,184
533,Nairobi,brackets,221
534,Hanoi,hinges,258
535,Perth,washers,295
536,Tromso,bolts,332
537,Cusco,clamps,369
538,Accra,gaskets,406
539,Riga,springs,443
540,Lisbon,rivets,480
541,Oslo,brackets,17
542,Quito,hinges,54
543,Nairobi,washers,91
544,Hanoi,bolts,128
545,Perth,clamps,165
546,Tromso,gaskets,202
547,Cusco,springs,239
548,Accra,rivets,276
549,Riga,brackets,313
550,Lisbon,hinges,350
551,Oslo,washers,387
552,Quito,bolts,424
553,Nairobi,clamps,461
554,Hanoi,gaskets,498
555,Perth,springs,35
556,Tromso,rivets,72
557,Cusco,brackets,109
558,Accra,hinges,146
559,Riga,washers,183
560,Lisbon,bolts,220
561,Oslo,clamps,257
562,Quito,gaskets,294
563,Nairobi,springs,331
564,Hanoi,rivets,368
565,Perth,brackets,405
566,Tromso,hinges,442
567,Cusco,washers,479
568,Accra,bolts,16
569,Riga,clamps,53
570,Lisbon,gaskets,90
571,Oslo,springs,127
572,Quito,rivets,164
573,Nairobi,brackets,201
574,Hanoi,hinges,238
575,Perth,washers,275
576,Tromso,bolts,312
577,Cusco,clamps,349
578,Accra,gaskets,386
579,Riga,springs,423
580,Lisbon,rivets,460
581,Oslo,brackets,497
582,Quito,hinges,34
583,Nairobi,washers,71
584,Hanoi,bolts,108
585,Perth,clamps,145
586,Tromso,gaskets,182
587,Cusco,springs,219
588,Accra,rivets,256
589,Riga,brackets,293
590,Lisbon,hinges,330
591,Oslo,washers,367
592,Quito,bolts,404
593,Nairobi,clamps,441
594,Hanoi,gaskets,478
595,Perth,springs,15
596,Tromso,rivets,52
597,Cusco,brackets,89
598,Accra,hinges,126
599,Riga,washers,163
600,Lisbon,bolts,200
601,Oslo,clamps,237
602,Quito,gaskets,274
603,Nairobi,springs,311
604,Hanoi,rivets,348
605,Perth,brackets,385
606,Tromso,hinges,422
607,Cusco,washers,459
608,Accra,bolts,496
609,Riga,clamps,33
610,Lisbon,gaskets,70
611,Oslo,springs,107
612,Quito,rivets,144
613,Nairobi,brackets,181
614,Hanoi,hinges,218
615,Perth,washers,255
616,Tromso,bolts,292
617,Cusco,clamps,329
618,Accra,gaskets,366
619,Riga,springs,403
620,Lisbon,rivets,440
621,Oslo,brackets,477
622,Quito,hinges,14
623,Nairobi,washers,51
624,Hanoi,bolts,88
625,Perth,clamps,125
626,Tromso,gaskets,162
627,Cusco,springs,199
628,Accra,rivets,236
629,Riga,brackets,273
630,Lisbon,hinges,310
631,Oslo,washers,347
632,Quito,bolts,384
633,Nairobi,clamps,421
634,Hanoi,gaskets,458
635,Perth,springs,495
636,Tromso,rivets,32
637,Cusco,brackets,69
638,Accra,hinges,106
639,Riga,washers,143
640,Lisbon,bolts,180
641,Oslo,clamps,217
642,Quito,gaskets,254
643,Nairobi,springs,291
644,Hanoi,rivets,328
645,Perth,brackets,365
646,Tromso,hinges,402
647,Cusco,washers,439
648,Accra,bolts,476
649,Riga,clamps,13
650,Lisbon,gaskets,50
651,Oslo,springs,87
652,Quito,rivets,124
653,Nairobi,brackets,161
654,Hanoi,hinges,198
655,Perth,washers,235
656,Tromso,bolts,272
657,Cusco,clamps,309
658,Accra,gaskets,346
659,Riga,springs,383
660,Lisbon,rivets,420
661,Oslo,brackets,457
662,Quito,hinges,494
663,Nairobi,washers,31
664,Hanoi,bolts,68
665,Perth,clamps,105
666,Tromso,gaskets,142
667,Cusco,springs,179
668,Accra,rivets,216
669,Riga,brackets,253
670,Lisbon,hinges,290
671,Oslo,washers,327
672,Quito,bolts,364
673,Nairobi,clamps,401
674,Hanoi,gaskets,438
675,Perth,springs,475
676,Tromso,rivets,12
677,Cusco,brackets,49
678,Accra,hinges,86
679,Riga,washers,123
680,Lisbon,bolts,160
681,Oslo,clamps,197
682,Quito,gaskets,234
683,Nairobi,springs,271
684,Hanoi,rivets,308
685,Perth,brackets,345
686,Tromso,hinges,382
687,Cusco,washers,419
688,Accra,bolts,456
689,Riga,clamps,493
690,Lisbon,gaskets,30
691,Oslo,springs,67
692,Quito,rivets,104
693,Nairobi,brackets,141
694,Hanoi,hinges,178
695,Perth,washers,215
696,Tromso,bolts,252
697,Cusco,clamps,289
698,Accra,gaskets,326
699,Riga,springs,363
700,Lisbon,rivets,400
701,Oslo,brackets,437
702,Quito,hinges,474
703,Nairobi,washers,11
704,Hanoi,bolts,48
705,Perth,clamps,85
706,Tromso,gaskets,122
707,Cusco,springs,159
708,Accra,rivets,196
709,Riga,brackets,233
710,Lisbon,hinges,270
711,Oslo,washers,307
712,Quito,bolts,344
713,Nairobi,clamps,381
714,Hanoi,gaskets,418
715,Perth,springs,455
716,Tromso,rivets,492
717,Cusco,brackets,29
718,Accra,hinges,66
719,Riga,washers,103
720,Lisbon,bolts,140
721,Oslo,clamps,177
722,Quito,gaskets,214
723,Nairobi,springs,251
724,Hanoi,rivets,288
725,Perth,brackets,325
726,Tromso,hinges,362
727,Cusco,washers,399
728,Accra,bolts,436
729,Riga,clamps,473
730,Lisbon,gaskets,10
731,Oslo,springs,47
732,Quito,rivets,84
733,Nairobi,brackets,121
734,Hanoi,hinges,158
735,Perth,washers,195
736,Tromso,bolts,232
737,Cusco,clamps,269
738,Accra,gaskets,306
739,Riga,springs,343
740,Lisbon,rivets,380
741,Oslo,brackets,417
742,Quito,hinges,454
743,Nairobi,washers,491
744,Hanoi,bolts,28
745,Perth,clamps,65
746,Tromso,gaskets,102
747,Cusco,springs,139
748,Accra,rivets,176
749,Riga,brackets,213
750,Lisbon,hinges,250
751,Oslo,washers,287
752,Quito,bolts,324
753,Nairobi,clamps,361
754,Hanoi,gaskets,398
755,Perth,springs,435
756,Tromso,rivets,472
757,Cusco,brackets,9
758,Accra,hinges,46
759,Riga,washers,83
760,Lisbon,bolts,120
761,Oslo,clamps,157
762,Quito,gaskets,194
763,Nairobi,springs,231
764,Hanoi,rivets,268
765,Perth,brackets,305
766,Tromso,hinges,342
767,Cusco,washers,379
768,Accra,bolts,416
769,Riga,clamps,453
770,Lisbon,gaskets,490
771,Oslo,springs,27
772,Quito,rivets,64
773,Nairobi,brackets,101
774,Hanoi,hinges,138
775,Perth,washers,175
776,Tromso,bolts,212
777,Cusco,clamps,249
778,Accra,gaskets,286
779,Riga,springs,323
780,Lisbon,rivets,360
781,Oslo,brackets,397
782,Quito,hinges,434
783,Nairobi,washers,471
784,Hanoi,bolts,8
785,Perth,clamps,45
786,Tromso,gaskets,82
787,Cusco,springs,119
788,Accra,rivets,156
789,Riga,brackets,193
790,Lisbon,hinges,230
791,Oslo,washers,267
792,Quito,bolts,304
793,Nairobi,clamps,341
794,Hanoi,gaskets,378
795,Perth,springs,415
796,Tromso,rivets,452
797,Cusco,brackets,489
798,Accra,hinges,26
799,Riga,washers,63
800,Lisbon,bolts,100
801,Oslo,clamps,137
802,Quito,gaskets,174
803,Nairobi,springs,211
804,Hanoi,rivets,248
805,Perth,brackets,285
806,Tromso,hinges,322
807,Cusco,washers,359
808,Accra,bolts,396
809,Riga,clamps,433
810,Lisbon,gaskets,470
811,Oslo,springs,7
812,Quito,rivets,44
813,Nairobi,brackets,81
814,Hanoi,hinges,118
815,Perth,washers,155
816,Tromso,bolts,192
817,Cusco,clamps,229
818,Accra,gaskets,266
819,Riga,springs,303
820,Lisbon,rivets,340
821,Oslo,brackets,377
822,Quito,hinges,414
823,Nairobi,washers,451
824,Hanoi,bolts,488
825,Perth,clamps,25
826,Tromso,gaskets,62
827,Cusco,springs,99
828,Accra,rivets,136
829,Riga,brackets,173
830,Lisbon,hinges,210
831,Oslo,washers,247
832,Quito,bolts,284
833,Nairobi,clamps,321
834,Hanoi,gaskets,358
835,Perth,springs,395
836,Tromso,rivets,432
837,Cusco,brackets,469
838,Accra,hinges,6
839,Riga,washers,43
840,Lisbon,bolts,80
841,Oslo,clamps,117
842,Quito,gaskets,154
843,Nairobi,springs,191
844,Hanoi,rivets,228
845,Perth,brackets,265
846,Tromso,hinges,302
847,Cusco,washers,339
848,Accra,bolts,376
849,Riga,clamps,413
850,Lisbon,gaskets,450
851,Oslo,springs,487
852,Quito,rivets,24
853,Nairobi,brackets,61
854,Hanoi,hinges,98
855,Perth,washers,135
856,Tromso,bolts,172
857,Cusco,clamps,209
858,Accra,gaskets,246
859,Riga,springs,283
860,Lisbon,rivets,320
861,Oslo,brackets,357
862,Quito,hinges,394
863,Nairobi,washers,431
864,Hanoi,bolts,468
865,Perth,clamps,5
866,Tromso,gaskets,42
867,Cusco,springs,79
868,Accra,rivets,116
869,Riga,brackets,153
870,Lisbon,hinges,190
871,Oslo,washers,227
872,Quito,bolts,264
873,Nairobi,clamps,301
874,Hanoi,gaskets,338
875,Perth,springs,375
876,Tromso,rivets,412
877,Cusco,brackets,449
878,Accra,hinges,486
879,Riga,washers,23
880,Lisbon,bolts,60
881,Oslo,clamps,97
882,Quito,gaskets,134
883,Nairobi,springs,171
884,Hanoi,rivets,208
885,Perth,brackets,245
886,Tromso,hinges,282
887,Cusco,washers,319
888,Accra,bolts,356
889,Riga,clamps,393
890,Lisbon,gaskets,430
891,Oslo,springs,467
892,Quito,rivets,4
893,Nairobi,brackets,41
894,Hanoi,hinges,78
895,Perth,washers,115
896,Tromso,bolts,152
897,Cusco,clamps,189
898,Accra,gaskets,226
899,Riga,springs,263
900,Lisbon,rivets,300
901,Oslo,brackets,337
902,Quito,hinges,374
903,Nairobi,washers,411
904,Hanoi,bolts,448
905,Perth,clamps,485
906,Tromso,gaskets,22
907,Cusco,springs,59
908,Accra,rivets,96
909,Riga,brackets,133
910,Lisbon,hinges,170
911,Oslo,washers,207
912,Quito,bolts,244
913,Nairobi,clamps,281
914,Hanoi,gaskets,318
915,Perth,springs,355
916,Tromso,rivets,392
917,Cusco,brackets,429
918,Accra,hinges,466
919,Riga,washers,3
920,Lisbon,bolts,40
921,Oslo,clamps,77
922,Quito,gaskets,114
923,Nairobi,springs,151
924,Hanoi,rivets,188
925,Perth,brackets,225
926,Tromso,hinges,262
927,Cusco,washers,299
928,Accra,bolts,336
929,Riga,clamps,373
930,Lisbon,gaskets,410
931,Oslo,springs,447
932,Quito,rivets,484
933,Nairobi,brackets,21
934,Hanoi,hinges,58
935,Perth,washers,95
936,Tromso,bolts,132
937,Cusco,clamps,169
938,Accra,gaskets,206
939,Riga,springs,243
940,Lisbon,rivets,280
941,Oslo,brackets,317
942,Quito,hinges,354
943,Nairobi,washers,391
944,Hanoi,bolts,428
945,Perth,clamps,465
946,Tromso,gaskets,2
947,Cusco,springs,39
948,Accra,rivets,76
949,Riga,brackets,113
950,Lisbon,hinges,150
951,Oslo,washers,187
952,Quito,bolts,224
953,Nairobi,clamps,261
954,Hanoi,gaskets,298
955,Perth,springs,335
956,Tromso,rivets,372
957,Cusco,brackets,409
958,Accra,hinges,446
959,Riga,washers,483
960,Lisbon,bolts,20
961,Oslo,clamps,57
962,Quito,gaskets,94
963,Nairobi,springs,131
964,Hanoi,rivets,168
965,Perth,brackets,205
966,Tromso,hinges,242
967,Cusco,washers,279
968,Accra,bolts,316
969,Riga,clamps,353
970,Lisbon,gaskets,390
971,Oslo,springs,427
972,Quito,rivets,464
973,Nairobi,brackets,1
974,Hanoi,hinges,38
975,Perth,washers,75
976,Tromso,bolts,112
977,Cusco,clamps,149
978,Accra,gaskets,186
979,Riga,springs,223
980,Lisbon,rivets,260
981,Oslo,brackets,297
982,Quito,hinges,334
983,Nairobi,washers,371
984,Hanoi,bolts,408
985,Perth,clamps,445
986,Tromso,gaskets,482
987,Cusco,springs,19
988,Accra,rivets,56
989,Riga,brackets,93
990,Lisbon,hinges,130
991,Oslo,washers,167
992,Quito,bolts,204
993,Nairobi,clamps,241
994,Hanoi,gaskets,278
995,Perth,springs,315
996,Tromso,rivets,352
997,Cusco,brackets,389
998,Accra,hinges,426
999,Riga,washers,463
1000,Lisbon,bolts,0
1001,Oslo,clamps,37
1002,Quito,gaskets,74
1003,Nairobi,springs,111
1004,Hanoi,rivets,148
1005,Perth,brackets,185
1006,Tromso,hinges,222
1007,Cusco,washers,259
1008,Accra,bolts,296
1009,Riga,clamps,333
1010,Lisbon,gaskets,370
1011,Oslo,springs,407
1012,Quito,rivets,444
1013,Nairobi,brackets,481
1014,Hanoi,hinges,18
1015,Perth,washers,55
1016,Tromso,bolts,92
1017,Cusco,clamps,129
1018,Accra,gaskets,166
1019,Riga,springs,203
1020,Lisbon,rivets,240
1021,Oslo,brackets,277
1022,Quito,hinges,314
1023,Nairobi,washers,351
1024,Hanoi,bolts,388
1025,Perth,clamps,425
1026,Tromso,gaskets,462
1027,Cusco,springs,499
1028,Accra,rivets,36
1029,Riga,brackets,73
1030,Lisbon,hinges,110
1031,Oslo,washers,147
1032,Quito,bolts,184
1033,Nairobi,clamps,221
1034,Hanoi,gaskets,258
1035,Perth,springs,295
1036,Tromso,rivets,332
1037,Cusco,brackets,369
1038,Accra,hinges,406
1039,Riga,washers,443
1040,Lisbon,bolts,480
1041,Oslo,clamps,17
1042,Quito,gaskets,54
1043,Nairobi,springs,91
1044,Hanoi,rivets,128
1045,Perth,brackets,165
1046,Tromso,hinges,202
1047,Cusco,washers,239
1048,Accra,bolts,276
1049,Riga,clamps,313
1050,Lisbon,gaskets,350
1051,Oslo,springs,387
1052,Quito,rivets,424
1053,Nairobi,brackets,461
1054,Hanoi,hinges,498
1055,Perth,washers,35
1056,Tromso,bolts,72
1057,Cusco,clamps,109
1058,Accra,gaskets,146
1059,Riga,springs,183
1060,Lisbon,rivets,220
1061,Oslo,brackets,257
1062,Quito,hinges,294
1063,Nairobi,washers,331
1064,Hanoi,bolts,368
1065,Perth,clamps,405
1066,Tromso,gaskets,442
1067,Cusco,springs,479
1068,Accra,rivets,16
1069,Riga,brackets,53
1070,Lisbon,hinges,90
1071,Oslo,washers,127
1072,Quito,bolts,164
1073,Nairobi,clamps,201
1074,Hanoi,gaskets,238
1075,Perth,springs,275
1076,Tromso,rivets,312
1077,Cusco,brackets,349
1078,Accra,hinges,386
1079,Riga,washers,423
1080,Lisbon,bolts,460
1081,Oslo,clamps,497
1082,Quito,gaskets,34
1083,Nairobi,springs,71
1084,Hanoi,rivets,108
1085,Perth,brackets,145
1086,Tromso,hinges,182
1087,Cusco,washers,219
1088,Accra,bolts,256
1089,Riga,clamps,293
1090,Lisbon,gaskets,330
1091,Oslo,springs,367
1092,Quito,rivets,404
1093,Nairobi,brackets,441
1094,Hanoi,hinges,478
1095,Perth,washers,15
1096,Tromso,bolts,52
1097,Cusco,clamps,89
1098,Accra,gaskets,126
1099,Riga,springs,163
1100,Lisbon,rivets,200
1101,Oslo,brackets,237
1102,Quito,hinges,274
1103,Nairobi,washers,311
1104,Hanoi,bolts,348
1105,Perth,clamps,385
1106,Tromso,gaskets,422
1107,Cusco,springs,459
1108,Accra,rivets,496
1109,Riga,brackets,33
1110,Lisbon,hinges,70
1111,Oslo,washers,107
1112,Quito,bolts,144
1113,Nairobi,clamps,181
1114,Hanoi,gaskets,218
1115,Perth,springs,255
1116,Tromso,rivets,292
1117,Cusco,brackets,329
1118,Accra,hinges,366
1119,Riga,washers,403
1120,Lisbon,bolts,440
1121,Oslo,clamps,477
1122,Quito,gaskets,14
1123,Nairobi,springs,51
1124,Hanoi,rivets,88
1125,Perth,brackets,125
1126,Tromso,hinges,162
1127,Cusco,washers,199
1128,Accra,bolts,236
1129,Riga,clamps,273
1130,Lisbon,gaskets,310
1131,Oslo,springs,347
1132,Quito,rivets,384
1133,Nairobi,brackets,421
1134,Hanoi,hinges,458
1135,Perth,washers,495
1136,Tromso,bolts,32
1137,Cusco,clamps,69
1138,Accra,gaskets,106
1139,Riga,springs,143
1140,Lisbon,rivets,180
1141,Oslo,brackets,217
1142,Quito,hinges,254
1143,Nairobi,washers,291
1144,Hanoi,bolts,328
1145,Perth,clamps,365
1146,Tromso,gaskets,402
1147,Cusco,springs,439
1148,Accra,rivets,476
1149,Riga,brackets,13
1150,Lisbon,hinges,50
1151,Oslo,washers,87
1152,Quito,bolts,124
1153,Nairobi,clamps,161
1154,Hanoi,gaskets,198
1155,Perth,springs,235
1156,Tromso,rivets,272
1157,Cusco,brackets,309
1158,Accra,hinges,346
1159,Riga,washers,383
1160,Lisbon,bolts,420
1161,Oslo,clamps,457
1162,Quito,gaskets,494
1163,Nairobi,springs,31
1164,Hanoi,rivets,68
1165,Perth,brackets,105
1166,Tromso,hinges,142
1167,Cusco,washers,179
1168,Accra,bolts,216
1169,Riga,clamps,253
1170,Lisbon,gaskets,290
1171,Oslo,springs,327
1172,Quito,rivets,364
1173,Nairobi,brackets,401
1174,Hanoi,hinges,438
1175,Perth,washers,475
1176,Tromso,bolts,12
1177,Cusco,clamps,49
1178,Accra,gaskets,86
1179,Riga,springs,123
1180,Lisbon,rivets,160
1181,Oslo,brackets,197
1182,Quito,hinges,234
1183,Nairobi,washers,271
1184,Hanoi,bolts,308
1185,Perth,clamps,345
1186,Tromso,gaskets,382
1187,Cusco,springs,419
1188,Accra,rivets,456
1189,Riga,brackets,493
1190,Lisbon,hinges,30
1191,Oslo,washers,67
1192,Quito,bolts,104
1193,Nairobi,clamps,141
1194,Hanoi,gaskets,178
1195,Perth,springs,215
1196,Tromso,rivets,252
1197,Cusco,brackets,289
1198,Accra,hinges,326
1199,Riga,washers,363
1200,Lisbon,bolts,400
